Date,3M_Yield,6M_Actual,6M_Pred_2F,9M_Actual,9M_Pred_2F,1Y_Actual,1Y_Pred_2F,2Y_Actual,2Y_Pred_2F
2024-04-29,0.0491444,0.0481098,0.04818379663027568,0.0470505,0.04772228207952615,0.0460144,0.0472728017780993,0.0424587,0.045588317895000625
2024-04-30,0.0491565,0.0480837,0.04819542672516686,0.0470676,0.04773368637552617,0.0460933,0.04728398613960748,0.0429233,0.04559867781055658
2024-05-01,0.0491005,0.0480828,0.04814160414767577,0.0470293,0.04768091004141417,0.0460044,0.047232228842705344,0.0424488,0.04555074017004897
2024-05-02,0.0489207,0.047969,0.04796879450562583,0.0468313,0.047511459254418374,0.0457102,0.04706604957728266,0.0419083,0.04539682362926227
2024-05-03,0.0486329,0.0476088,0.04769218403186286,0.0464238,0.04724022532325219,0.0452355,0.04680005238978753,0.0410724,0.045150455423664686
2024-05-06,0.0488576,0.0476531,0.04790815107277095,0.0463802,0.04745199613256759,0.0451137,0.04700773603537385,0.0409314,0.0453428187045937
2024-05-07,0.0487585,0.0475011,0.04781290492031728,0.0462228,0.0473586017279489,0.0449763,0.04691614521897506,0.0409715,0.045257988209310804
2024-05-08,0.0487015,0.0474827,0.047758122434100846,0.0462072,0.047304884725132175,0.0450046,0.04686346597790555,0.0413367,0.04520919867145202
2024-05-09,0.0487326,0.0474329,0.04778801518192923,0.0461615,0.04733419735370852,0.0449787,0.046892213547419376,0.0413938,0.0452358280021665
2024-05-10,0.048754,0.0477996,0.047808584812444065,0.046694,0.04735436796114168,0.045675,0.046911995486284476,0.0422585,0.04525415289840788
2024-05-13,0.0486613,0.0476489,0.04771948993847924,0.0465768,0.04726700532277079,0.0456109,0.04682632003005816,0.042251,0.0451748014239835
2024-05-14,0.0486271,0.0476821,0.04768662115002371,0.0465887,0.04723477614849392,0.0455774,0.04679471381971217,0.0420163,0.04514553010535366
2024-05-15,0.0485181,0.047456,0.04758186026854061,0.0462603,0.04713205212956662,0.0451033,0.04669397368587355,0.0410738,0.04505222606104182
2024-05-16,0.0484605,0.047447,0.04752650153161625,0.0462687,0.04707777027926208,0.0451435,0.046640740698741835,0.0411675,0.045002924340538986
2024-05-17,0.0485061,0.0475071,0.047570330995031475,0.0463263,0.04712074895732656,0.045253,0.046682890683524665,0.0415523,0.0450419678479206
2024-05-21,0.0482682,0.047255,0.047341681282042296,0.0460347,0.046896543970140474,0.0448922,0.04646301484132477,0.0408919,0.04483831892172787
2024-05-22,0.0481168,0.0472138,0.047196169676918545,0.0459918,0.04675386168583587,0.0449071,0.04632308828530785,0.041135,0.04470872147937103
2024-05-23,0.0479891,0.0471979,0.04707343717042822,0.0460156,0.04663351599844836,0.044984,0.04620506732344217,0.0413124,0.04459941403344022
2024-05-24,0.0479012,0.0473707,0.046988957760723614,0.0461671,0.04655068011444199,0.0449797,0.0461238321921024,0.0415504,0.04452417867993276
2024-05-27,0.0480493,0.0473624,0.04713130397585463,0.0462078,0.046690261564947315,0.0450944,0.046260720712767475,0.0417528,0.04465097275347686
2024-05-28,0.0480292,0.0474187,0.04711198824801819,0.0462373,0.04667132262339697,0.0451202,0.04624214872537143,0.0420244,0.04463377590723222
2024-05-29,0.0480012,0.0474098,0.0470850795660669,0.0462897,0.04664493826460569,0.0452441,0.046216275022692266,0.0423133,0.04460981599809022
2024-05-30,0.0478186,0.0473231,0.046909580947945215,0.046165,0.0464728518059331,0.0450719,0.04604751197685565,0.0418029,0.044453509934457604
2024-05-31,0.047468,0.0468997,0.04657261390908933,0.045734,0.04614243533944437,0.0446031,0.04572347573450121,0.0408375,0.04415338859653864
2024-06-03,0.0474952,0.0468325,0.046598761002222655,0.04566,0.046168076422690746,0.0445021,0.04574862390700155,0.0402336,0.04417668865428647
2024-06-04,0.0474238,0.0467245,0.04653014085710878,0.0455566,0.04610079191610702,0.0443564,0.04568264026173786,0.0395769,0.04411558060973851
2024-06-05,0.0467321,0.0456736,0.045865335030334554,0.0444158,0.045448908656375575,0.0431461,0.045043343545943304,0.0383944,0.04352346212802977
2024-06-06,0.0462816,0.045207,0.045432354930646304,0.0441004,0.045024346738379045,0.0429773,0.044626980864410346,0.0384466,0.043137832258952756
2024-06-07,0.0463388,0.0454197,0.04548733929443396,0.0443628,0.04507826633174536,0.0433034,0.044679863269289126,0.0389357,0.043186826004349914
2024-06-10,0.0463368,0.0453374,0.045485424448939084,0.0442798,0.045076392257864244,0.0432229,0.04467802881405771,0.0389866,0.04318513920586983
2024-06-11,0.0465297,0.0453141,0.04567083247399687,0.0441269,0.04525820025101438,0.0429787,0.04485633028305743,0.0387704,0.04335029620382398
2024-06-12,0.0464297,0.0450993,0.04557472594650425,0.0437843,0.04516396442025686,0.0425102,0.04476391643855447,0.0380273,0.043264711111742994
2024-06-13,0.0464281,0.0450765,0.04557319418582647,0.0437236,0.045162465330204515,0.0423615,0.044762449093916926,0.0375406,0.043263362068531784
2024-06-14,0.0464236,0.0448299,0.045568874867202895,0.0434392,0.04515823271641178,0.0420577,0.04475830085863975,0.0372149,0.04325952945561382
2024-06-17,0.0463299,0.0449898,0.045478822941918705,0.0435622,0.04506993358371944,0.0422166,0.044671708879494114,0.0375977,0.04317933585164571
2024-06-18,0.0461451,0.0449384,0.04530121262477285,0.043491,0.04489577780023707,0.0420437,0.044500917746541094,0.0370603,0.04302115595626891
2024-06-19,0.0461297,0.0449246,0.04528641728069014,0.0434754,0.044881272876134186,0.0420876,0.04448669561681785,0.0373645,0.04300799315321756
2024-06-20,0.0462504,0.0451863,0.04540243078814028,0.0437888,0.04499503441148862,0.0423961,0.0445982636563916,0.0377665,0.043111338555284894
2024-06-21,0.0459964,0.0451535,0.04515831006951712,0.0437437,0.04475566058960731,0.0423439,0.04436351325540852,0.0377809,0.04289391776277256
2024-06-24,0.0461416,0.0451183,0.04529787110508315,0.043763,0.04489251199094785,0.0424263,0.04449772539784572,0.0379331,0.04301823639690919
2024-06-25,0.0462356,0.0454771,0.0453882217119569,0.0440698,0.04498110896898464,0.0427046,0.04458461427796809,0.0384699,0.043098722177822894
2024-06-26,0.0462199,0.045647,0.0453731363225619,0.0443294,0.04496631881627147,0.0430695,0.04457011163254959,0.0390867,0.04308529672022983
2024-06-27,0.0462093,0.0456244,0.04536295251594297,0.0443012,0.044956334909877736,0.0430294,0.0445603223775509,0.0388811,0.04307623661466464
2024-06-28,0.0462796,0.0456074,0.04543052354403793,0.0442202,0.04502259458955326,0.0428821,0.04462530475256044,0.0386028,0.043136430757814904
2024-07-02,0.0460834,0.0455442,0.04524195433539057,0.0443155,0.04483769190773662,0.0431539,0.04444397322885816,0.039205,0.04296848477029144
2024-07-03,0.0460337,0.0455041,0.04519419048742536,0.044279,0.04479085830128626,0.0431029,0.04439804562791625,0.0389623,0.042925952726792026
2024-07-04,0.0460079,0.0454782,0.045169397509119705,0.0442331,0.04476654911765474,0.0430606,0.04437420761017002,0.0391281,0.042903880338863505
2024-07-05,0.0461952,0.0450165,0.04534942013201736,0.0436509,0.04494307488372482,0.0423481,0.04454732738370768,0.0380912,0.04306423282385631
2024-07-08,0.0460581,0.0450578,0.0452176529460063,0.0436562,0.044813870055379824,0.0423251,0.044420618257002775,0.0380034,0.04294687810282094
2024-07-09,0.0459995,0.0449829,0.0451613344294269,0.0436058,0.044758647724929296,0.0422898,0.044366463570583894,0.037947,0.04289672492618317
2024-07-10,0.0458262,0.0448755,0.04499477494501016,0.0436064,0.04459532699052695,0.0423431,0.04420629733955906,0.0378452,0.042748382469309884
2024-07-11,0.0458136,0.0446206,0.04498266870897586,0.043255,0.04458345793090552,0.0418808,0.04419465924064408,0.0371912,0.042737609640255844
2024-07-12,0.0457337,0.0444484,0.04490587862153112,0.0430288,0.04450816208216777,0.0415926,0.04412081873478892,0.0368009,0.042669223829055775
2024-07-15,0.0454007,0.0442883,0.04458582794848518,0.0428593,0.04419433348412505,0.0414088,0.04381305039688526,0.036595,0.042384170994826345
2024-07-16,0.0449437,0.0439699,0.04414659886272146,0.0425535,0.04376364322506332,0.0411277,0.04339067690370655,0.0363121,0.04199297104670976
2024-07-17,0.0449207,0.0439411,0.044124499447418246,0.0425808,0.04374197641415389,0.0412143,0.04336943136898397,0.0364131,0.04197330386167266
2024-07-18,0.0447182,0.0434853,0.04392987788609667,0.0422527,0.04355114032061574,0.0410553,0.04318228224788032,0.0366134,0.041799974075884094
2024-07-19,0.0446789,0.0434829,0.043892112357658594,0.042251,0.043514111974854684,0.0410998,0.04314597183516312,0.0368011,0.041766353959917964
2024-07-22,0.0445621,0.0436629,0.043779859468615956,0.0424212,0.04340404384531201,0.0412688,0.043038031582687195,0.0369853,0.04166638898303807
2024-07-23,0.0445032,0.0436149,0.043723255826941206,0.0423605,0.04334854347419422,0.0411316,0.042983605715514135,0.0365937,0.041615989971215676
2024-07-24,0.0441572,0.0430609,0.04339071313389103,0.04168,0.043022466889509926,0.0403915,0.04266382704710122,0.0358943,0.041319817325831225
2024-07-25,0.0441316,0.043057,0.043366115830435516,0.0416231,0.04299835123487514,0.0403162,0.042640180424976706,0.0358649,0.04129792794194901
2024-07-26,0.0438496,0.0428593,0.04309508583807699,0.0413764,0.042732592189665415,0.0400068,0.04237955519854497,0.0354279,0.04105654521732948
2024-07-29,0.0440686,0.0428162,0.04330558010474541,0.0412673,0.042938999296221664,0.0398311,0.042581981306361746,0.0350985,0.04124404825819736
2024-07-30,0.0438153,0.0423993,0.043062133877658226,0.0408964,0.04270028767565779,0.0394078,0.04234788111461294,0.0344717,0.04102723252935218
2024-07-31,0.0437126,0.0424344,0.042963433679304074,0.0407995,0.04260350923841013,0.0391662,0.04225297438323163,0.033973,0.04093934076028007
2024-08-01,0.0432516,0.0419415,0.042520362470920114,0.0402299,0.04216905267022194,0.0384674,0.04182690839352883,0.0330347,0.0405447247186965
2024-08-02,0.0428797,0.0410155,0.04216292886873537,0.0391702,0.041818570000954125,0.0372366,0.04148319583234726,0.0312752,0.04022638786406704
2024-08-06,0.042725,0.0410886,0.04201425255873965,0.0392342,0.04167278788374291,0.0374113,0.04134023254083215,0.0321996,0.04009398939492648
2024-08-07,0.0426687,0.0411349,0.04196015103580382,0.0392784,0.04161974253681287,0.0374961,0.04128821578759267,0.0324761,0.040045827043861816
2024-08-08,0.0425577,0.0410556,0.041853475706949486,0.0392162,0.04151514502562311,0.0375147,0.04118564195386751,0.0329012,0.039950837562022785
2024-08-09,0.0425624,0.0409894,0.04185800246795203,0.0391605,0.04151958835959094,0.0374293,0.04119000391085276,0.0326484,0.03995489340531691
2024-08-12,0.0424824,0.0407303,0.04178112146265284,0.0389633,0.041444205855152905,0.0372697,0.04111608083542577,0.0323873,0.039886439746077
2024-08-13,0.0423388,0.0405156,0.04164311277138597,0.0386702,0.04130888361446928,0.0368682,0.040983375090150646,0.0317729,0.03976354051856903
2024-08-14,0.0423752,0.0404487,0.041678106656131655,0.0385431,0.04134320168561665,0.0367208,0.04101703480573792,0.0316926,0.03979473146639537
2024-08-15,0.0421686,0.040585,0.041479546617295,0.0387885,0.041148504684281516,0.0371128,0.04082610030304773,0.0324106,0.03961789915302437
2024-08-16,0.0421277,0.0404412,0.04144024533230654,0.0387189,0.04110997141089935,0.0369935,0.04078831496447536,0.0323987,0.039582916334285026
2024-08-19,0.0422199,0.040486,0.04152886948393554,0.0387021,0.04119687720198238,0.0369548,0.040873546964192584,0.0326007,0.03966187341895867
2024-08-20,0.042085,0.0404385,0.041399221410317905,0.0384653,0.04106975252863546,0.0365511,0.040748879989708525,0.0319975,0.039546417871660786
2024-08-21,0.0421088,0.0402889,0.04142210397882896,0.0382968,0.0410921941184987,0.0363702,0.04077089196790933,0.0318211,0.03956681862418594
2024-08-22,0.042069,0.040185,0.04138385852673578,0.0383245,0.04105469548324595,0.0365468,0.04073412064136875,0.0322604,0.03953277266451552
2024-08-23,0.0420378,0.0401607,0.041353878533541374,0.0382164,0.04102530156410624,0.0363357,0.040705297469956166,0.0316693,0.03950608803986096
2024-08-26,0.0419164,0.0401228,0.04123720484221623,0.0381636,0.04091089872949081,0.0363085,0.040593106366530934,0.0318499,0.03940218648368929
2024-08-27,0.0417578,0.0400111,0.04108477742392434,0.0381203,0.040761437099785865,0.0363188,0.040446533331091744,0.0317884,0.03926644009889511
2024-08-28,0.0416491,0.0399592,0.0409803103883597,0.0380283,0.040659003861772944,0.0362369,0.040346080923694384,0.031953,0.0391734117011847
2024-08-29,0.0414558,0.0398158,0.040794532241256336,0.0380254,0.040476839822101984,0.03639,0.040167436937875785,0.0323633,0.03900796126013042
2024-08-30,0.0413411,0.0398382,0.04068429887657282,0.0380196,0.04036875252559467,0.0363837,0.04006143981844535,0.0324918,0.03890979797065118
2024-09-03,0.0410143,0.0395466,0.04037021098380654,0.0377495,0.04006077264915499,0.0360892,0.03975940906106123,0.03184,0.038630065685991
2024-09-04,0.0404938,0.0390345,0.03986995406247111,0.0371301,0.03957024235909446,0.0353448,0.039278352414978596,0.0308091,0.038184518552805025
2024-09-05,0.0404942,0.0389804,0.039870348622380355,0.0370098,0.03957063410688098,0.0352021,0.039278741296829824,0.0307327,0.03818489553473307
2024-09-06,0.0404754,0.0387205,0.03985228907816222,0.0366074,0.03955293016343767,0.0346796,0.039261383588443624,0.030011,0.03816883453569065
2024-09-09,0.0405061,0.0386104,0.039881804805192995,0.0365202,0.039581876667108974,0.0345969,0.03928977555239784,0.0297282,0.0381951468404883
2024-09-10,0.0403639,0.0383903,0.03974514146952814,0.0362914,0.03944787352969079,0.0343263,0.03915836334333004,0.0293252,0.03807344534010684
2024-09-11,0.040374,0.0383325,0.03975485755719037,0.0362418,0.03945740497643207,0.0343622,0.03916771484001697,0.0296544,0.03808212132272586
2024-09-12,0.0404294,0.0382933,0.03980811212587317,0.0361646,0.03950962850364429,0.0342355,0.039218934027900665,0.0294242,0.03812957495484581
2024-09-13,0.0404085,0.0380798,0.03978803224569623,0.0357774,0.03948994254149994,0.0337104,0.03919963164665166,0.0288394,0.038111709494015954
2024-09-16,0.0401995,0.0376009,0.03958716447917848,0.0350765,0.03929298216948211,0.0329249,0.03900647698995914,0.0281939,0.03793281913539509
2024-09-17,0.0401626,0.037432,0.03955170672605589,0.0348725,0.03925821726399281,0.0328531,0.03897238682161918,0.0286292,0.03790125722751305
2024-09-18,0.0400212,0.0372789,0.03941581117849978,0.034665,0.03912496645866106,0.0326488,0.03884171190440957,0.0286401,0.0377802367702916
2024-09-19,0.0399199,0.0372582,0.03931845689870631,0.0347326,0.03902950794710494,0.0326852,0.038748099777315734,0.0284396,0.03769354465277394
2024-09-20,0.039847,0.0372571,0.03924839856569397,0.0347854,0.03896081488474789,0.0327723,0.038680736394074655,0.0285238,0.03763116448869706
2024-09-23,0.0397779,0.0371448,0.03918199240033527,0.0346663,0.03889570295869625,0.0327007,0.03861688496385416,0.0285114,0.0375720369669925
2024-09-24,0.0396672,0.0370313,0.039075603325379585,0.0345388,0.038791385137242056,0.0325639,0.038514584452518895,0.0283531,0.037477297179059385
2024-09-25,0.0395689,0.0368619,0.038981132246363875,0.0345333,0.038698753707844466,0.0324433,0.038423744750157245,0.028905,0.037393172631235504
2024-09-26,0.0394748,0.0367767,0.03889069789007443,0.0345277,0.03861008054647682,0.0325205,0.038336786900870154,0.0290923,0.03731264350700053
2024-09-27,0.0393845,0.0366593,0.03880391579071479,0.0343166,0.03852498865183807,0.0321944,0.03825334117398389,0.028397,0.03723536733032105
2024-10-01,0.0391839,0.0365847,0.03861112158940791,0.0342999,0.03833594499083503,0.0322747,0.03806795045065345,0.0285012,0.037063668228262035
2024-10-02,0.0391432,0.036585,0.03857201164063069,0.0343622,0.03829759890813369,0.0324543,0.03803034827616769,0.0290226,0.037028853582288586
2024-10-03,0.0391072,0.0367146,0.0385374187414705,0.0346342,0.038263681972040796,0.0328888,0.03799708963362358,0.0296976,0.036998061582036265
2024-10-04,0.0391394,0.0373785,0.03856837431389491,0.0356718,0.038294039452919496,0.0342675,0.03802686448025795,0.0312998,0.037025651672373865
2024-10-07,0.0391798,0.0377092,0.038607210620274814,0.0361716,0.038332124270022735,0.0349085,0.0380642172596772,0.0318524,0.03706025973582189
2024-10-08,0.0389412,0.0374115,0.038377892597197795,0.0358502,0.03810726611199441,0.0346026,0.037843702936070256,0.0316832,0.03685602687673427
2024-10-09,0.0388382,0.0372924,0.03827890369088913,0.0358044,0.03801020439988191,0.034554,0.03774851822631189,0.0315251,0.036767877024768025
2024-10-10,0.0383301,0.0366846,0.03779056315125621,0.0351486,0.03753135814363911,0.0338624,0.03727891932657134,0.0309598,0.03633293961355325
2024-10-11,0.0379917,0.0364473,0.03746532707697808,0.0348069,0.03721244716747846,0.0334428,0.03696616889653075,0.0305205,0.036043280058750085
2024-10-15,0.0372688,0.0355025,0.036770539353525075,0.0338366,0.036531167207807726,0.0325385,0.03629804539791487,0.0298871,0.035424470445481936
2024-10-16,0.0370898,0.0354241,0.03659850970758102,0.0336972,0.0363624865875567,0.032344,0.03613262658612057,0.0295483,0.03527127667988986
2024-10-17,0.0369944,0.0354086,0.036506830193246215,0.0337305,0.03627259453533729,0.0324391,0.036044475376225175,0.0298136,0.03518964939846728
2024-10-18,0.0367852,0.035177,0.03630577444325719,0.0334937,0.036075451870655154,0.0321737,0.035851143916472476,0.0294583,0.03501060232814643
2024-10-21,0.03642,0.0352149,0.03595478343221727,0.0336226,0.03573128804770732,0.0321988,0.035513629635641766,0.0300313,0.034698011481227385
2024-10-22,0.0360906,0.0349418,0.03563820148750324,0.0334606,0.03542086493185203,0.0321428,0.035209205069141165,0.029983,0.034416070111471936
2024-10-23,0.035345,0.0343484,0.0349216000014339,0.0330117,0.03471819697269737,0.0318641,0.03452010821753628,0.0301867,0.03377784095187957
2024-10-24,0.0350393,0.0343659,0.03462779950609442,0.0330655,0.034430113887955964,0.0319842,0.03423759370515891,0.030437,0.03351619761436537
2024-10-25,0.0351152,0.0342965,0.03470076464489077,0.0330076,0.034501668517016144,0.0319505,0.034307774298015695,0.0305229,0.03358122603990932
2024-10-28,0.0351221,0.0342049,0.034707411092897676,0.0329555,0.03450819284543095,0.0319578,0.03431417949740935,0.0305492,0.033587183021201186
2024-10-29,0.0350426,0.0341704,0.034631015593392996,0.0329255,0.03443328878542993,0.0319097,0.034240727926587236,0.0304059,0.03351917428775021
2024-10-30,0.0350459,0.0340381,0.03463420083682556,0.0327704,0.03443641862311183,0.0318864,0.03424380362911783,0.0294564,0.03352204552391479
2024-10-31,0.0350935,0.0339916,0.034679963221997435,0.0327899,0.03448129778266135,0.0318157,0.03428782236453831,0.0302876,0.033562837621991325
2024-11-01,0.0351283,0.0339412,0.03471342238633936,0.0328039,0.03451411243989382,0.0319295,0.034320009120112134,0.0306289,0.03359266940902651
2024-11-04,0.0351,0.0338784,0.03468623383963313,0.0327363,0.034487457725264604,0.0318855,0.03429387421692326,0.0305853,0.03356848164674118
2024-11-05,0.0350804,0.0339332,0.03466740662218792,0.0329276,0.03446900161756545,0.0322151,0.0342757794346395,0.0310131,0.03355173999725228
2024-11-06,0.0350346,0.0339636,0.03462339746658568,0.0329771,0.03442585275957067,0.0322843,0.0342334683775358,0.0311911,0.033512568121244285
2024-11-07,0.0349898,0.0338198,0.034580349091516055,0.0328071,0.03438364584390353,0.0319649,0.03419208091864631,0.0303223,0.033474251122788894
2024-11-08,0.034976,0.0338234,0.03456709525588577,0.0327373,0.03437065425037323,0.0318901,0.03417934462764392,0.0303747,0.03346247068491501
2024-11-12,0.0349521,0.0338205,0.03454413362728081,0.0329079,0.034348143327807536,0.032304,0.03415727257715084,0.0311656,0.033442042619129565
2024-11-13,0.0350042,0.0337979,0.03459421711517416,0.0328722,0.034397257707537744,0.0322783,0.03420544293274981,0.0312062,0.03348667342891606
2024-11-14,0.0349491,0.0337652,0.034541267377319954,0.0328193,0.03434534100909093,0.0322658,0.03415453231256097,0.0312781,0.03343953299440982
2024-11-15,0.0349787,0.033852,0.03456972471125438,0.032883,0.03437324913443607,0.0322381,0.03418190540711098,0.0309362,0.03346489968830167
2024-11-18,0.0348914,0.033756,0.03448582603602927,0.0328698,0.03429098464825769,0.0323233,0.03410123252872326,0.0310958,0.033390191844842765
2024-11-19,0.0348589,0.0336931,0.03445459695764985,0.0329667,0.03426036610110943,0.0323921,0.034071208545889235,0.0315756,0.03336239563839664
2024-11-20,0.0348009,0.0336762,0.03439885894498163,0.0330528,0.03420571483164971,0.0326039,0.034017615674973856,0.0321412,0.033312769183628556
2024-11-21,0.0346412,0.0339836,0.034245374393792875,0.0334168,0.034055216664643555,0.0330876,0.03387002616105917,0.0332519,0.03317608149581694
2024-11-22,0.0346005,0.034101,0.03420626395138631,0.0335859,0.03401686986079928,0.0332514,0.03383242305002915,0.0330319,0.03314126516241213
2024-11-25,0.0343137,0.0338323,0.033930620471016644,0.0333061,0.033746586948326544,0.0328989,0.033567361248173326,0.032012,0.032895773072520666
2024-11-26,0.034331,0.0336866,0.03394725578945429,0.0331019,0.03376290273324934,0.0326509,0.03358336570837928,0.0316623,0.0329106096803866
2024-11-27,0.0341797,0.0335091,0.03380184499968199,0.0328778,0.03362032156389461,0.0323897,0.033443540500080055,0.0313493,0.03278111391984944
2024-11-28,0.0341481,0.0334466,0.033771481058574984,0.0327753,0.033590551400030234,0.0322533,0.03341434858055521,0.031143,0.03275408858950496
2024-11-29,0.0338715,0.0328562,0.03350564126904695,0.0321549,0.03332988174759156,0.0314526,0.03315871455615082,0.0295715,0.032517328999328216
2024-12-02,0.0338157,0.0327582,0.03345201852878331,0.0320669,0.033277305023291716,0.0314332,0.033107156551991083,0.0297857,0.03246958859161154
2024-12-03,0.0337657,0.0326324,0.03340397012308776,0.0320284,0.03323019420503744,0.0315289,0.03306095884673514,0.0300712,0.032426812652418174
2024-12-04,0.0336422,0.032424,0.03328527883886002,0.0318619,0.03311381335905073,0.0312993,0.03294682827474367,0.0295215,0.032321116011371206
2024-12-05,0.0331287,0.0323599,0.0327917489502574,0.0317738,0.032629878957441814,0.0311951,0.032472239792973506,0.029709,0.03188155838456661
2024-12-06,0.0324438,0.0314723,0.03213348382506745,0.0307718,0.03198441170737529,0.030077,0.03183923757332045,0.0282933,0.03129527834586857
2024-12-09,0.0317825,0.0311056,0.03149790338127018,0.0304873,0.03136118928627348,0.0298955,0.031228051738993883,0.0285439,0.030729208493192398
2024-12-10,0.0313789,0.0309924,0.031110006749832265,0.0304011,0.030980837861464952,0.0298262,0.03085504918753088,0.0283198,0.030383750530708048
2024-12-11,0.0314396,0.0310354,0.031168361249777538,0.030518,0.03103806506990751,0.030031,0.030911178234044805,0.0289036,0.03043576165850792
2024-12-12,0.0314761,0.0310539,0.031203455586932258,0.0305859,0.031072483725782318,0.0301638,0.030944938608752876,0.0293392,0.030467053047465102
2024-12-13,0.0314957,0.0310891,0.03122230611160719,0.0306908,0.03109097388300443,0.0303435,0.030963077610960024,0.0296388,0.030483874370802654
2024-12-16,0.0315431,0.031197,0.0312678752088369,0.030815,0.031135663000590164,0.0304737,0.031006909479348806,0.0296184,0.03052449162428158
2024-12-17,0.0314843,0.0310074,0.031211372078198355,0.0306389,0.03108026329984823,0.030317,0.03095258438252765,0.0294937,0.03047419325400219
2024-12-18,0.031319,0.0311442,0.031052508823702054,0.0307694,0.03092449269211317,0.0304801,0.030799825882629955,0.0300169,0.030332723952706024
2024-12-19,0.0312961,0.0312997,0.031030509840926056,0.0310099,0.030902926436885844,0.0307762,0.03077868096930717,0.0303307,0.03031315714083544
2024-12-20,0.0313049,0.031219,0.03103897806397038,0.030909,0.03091123503874457,0.0306378,0.03078683397030833,0.0299609,0.03032072571407115
2024-12-23,0.0313577,0.0312249,0.031089735230780013,0.0309015,0.0309610104326364,0.0305964,0.030835652993389005,0.0297724,0.03036595880965113
2024-12-24,0.0314008,0.0311715,0.0311311687974385,0.0308541,0.0310016431000078,0.0305587,0.030875505469751506,0.029763,0.0304028858202174
2024-12-27,0.0313549,0.0309515,0.031087061634644773,0.0305155,0.030958397229502957,0.0301721,0.030833098392745558,0.0295448,0.03036362186185372
2024-12-30,0.0313876,0.0308196,0.031118498635821848,0.0303918,0.030989227198669783,0.0299996,0.030863337008767835,0.0290803,0.030391642940947837
2024-12-31,0.0314247,0.0306936,0.031154164051312324,0.0301685,0.031024203145715894,0.0296991,0.030897641316192503,0.0286496,0.030423428831220067
2025-01-02,0.031374,0.0305937,0.031105442180043227,0.0300619,0.030976431624972305,0.0296083,0.030850795348221913,0.0287168,0.030380051335527777
2025-01-03,0.0312412,0.0304383,0.030977811793101398,0.0299079,0.0308512850999899,0.029489,0.03072806802021646,0.0286231,0.03026639119366121
2025-01-06,0.031205,0.0304354,0.030943026220938617,0.0299505,0.03081717902029821,0.0294996,0.030694623677342193,0.0284353,0.03023542645093165
2025-01-07,0.0311482,0.0304353,0.030888441256882983,0.0299581,0.03076365824521365,0.0295684,0.030642139336726906,0.0287474,0.030186826231998795
2025-01-08,0.0311201,0.0304088,0.03086144044519169,0.0299773,0.03073718546027894,0.0296123,0.030616180765211384,0.0288144,0.03016279433208583
2025-01-09,0.031059,0.030367,0.030802722280274846,0.029933,0.030679611638452495,0.02957,0.030559721452640305,0.028897,0.030110511834162468
2025-01-10,0.0312914,0.0309027,0.031026094162395986,0.0305976,0.030898645383259496,0.0304579,0.03077452976488592,0.0301399,0.0303094810238412
2025-01-13,0.0314698,0.0312241,0.031197564097343335,0.0309769,0.031066785318880488,0.0308131,0.030939426210785083,0.0308118,0.03046221914643226
2025-01-14,0.0312479,0.0312215,0.030984294814917268,0.0310613,0.030857663011461714,0.0309599,0.030734343008146807,0.0309255,0.030272275410296735
2025-01-15,0.0310508,0.0307001,0.03079486205477313,0.030524,0.03067191426302021,0.0303536,0.030552182429767313,0.0297774,0.03010356396751522
2025-01-16,0.0307795,0.030332,0.030534114331392394,0.0300588,0.030416236801668144,0.0297816,0.03030144334180833,0.0289634,0.029871334986768826
2025-01-17,0.0306032,0.0301815,0.030364674225870022,0.029927,0.030250092753749274,0.0296542,0.03013850958036543,0.0287281,0.029720433778598815
2025-01-20,0.0305415,0.0302208,0.03030537938687952,0.0300009,0.03019195346594017,0.0297241,0.030081495718496366,0.0286265,0.029667637650790425
2025-01-21,0.0303428,0.029929,0.03011441034944041,0.0296355,0.030004699029121992,0.0293742,0.02989785922627276,0.0285946,0.02949756172511317
2025-01-22,0.0303329,0.0301079,0.030104902114139225,0.0298248,0.029995378901498466,0.0296147,0.029888722229137354,0.0290512,0.02948911037436034
2025-01-23,0.0302846,0.0299674,0.030058486377150646,0.0297085,0.029949868423639295,0.029513,0.029844093392070607,0.0289346,0.02944778547700909
2025-01-24,0.0299893,0.0297645,0.029774672655962255,0.029545,0.029671573732951737,0.0293244,0.02957117416331361,0.0284911,0.029195014600109273
2025-01-27,0.0297299,0.0293623,0.02952536411517471,0.0291654,0.029427113996213585,0.0289472,0.02933143707705075,0.028021,0.028972978811265544
2025-01-28,0.0294334,0.0291335,0.029240398464618882,0.0289429,0.029147690446255703,0.0287092,0.0290574114414951,0.0277277,0.028719185524578097
2025-01-29,0.0290423,0.0287488,0.028864511135131853,0.0285879,0.028779112636261702,0.0283595,0.028695953005012074,0.0273653,0.028384411977123783
2025-01-30,0.0288446,0.0284877,0.028674506405787538,0.0282871,0.028592805295185406,0.0280047,0.028513246803712707,0.0267856,0.02821520298768046
2025-01-31,0.0285851,0.0278078,0.028425104428332258,0.0274814,0.028348255223013596,0.027135,0.028273422369029053,0.026059,0.02799309074044074
2025-02-03,0.0277367,0.0269478,0.027609696515727852,0.0265923,0.02754869980406091,0.0262287,0.02748930716876903,0.0250983,0.027266849626644087
2025-02-04,0.0282376,0.0274206,0.028091137061734273,0.0270041,0.028020789825665676,0.0266146,0.027952289602903933,0.0255308,0.027695692173224012
2025-02-05,0.0281978,0.0274236,0.028052894845270133,0.0269985,0.027983295917342152,0.0265853,0.027915524415199674,0.0253668,0.02766165727428547
2025-02-06,0.0281141,0.0274732,0.027972458871323106,0.0270502,0.027904428108430596,0.0266376,0.027838183873314288,0.0253976,0.027590040292312573
2025-02-07,0.0286246,0.0279632,0.028463123091804342,0.0276323,0.028385561041331987,0.0273763,0.028310033194396577,0.0264848,0.028027090283367848
2025-02-10,0.028379,0.0277878,0.02822707837699931,0.0274272,0.028154107493025864,0.027134,0.02808305135345267,0.0262183,0.027816869083595784
2025-02-11,0.0283351,0.0278323,0.02818489309897008,0.0275424,0.02811274598006845,0.0273391,0.028042492087017548,0.0266093,0.027779315986876704
2025-02-12,0.0284552,0.0279891,0.028300332057718175,0.0277522,0.02822594515439479,0.0276901,0.028153509609680296,0.0273234,0.027882155024467115
2025-02-13,0.0284661,0.0279083,0.028310815333909188,0.0276452,0.028236228057296347,0.0274986,0.028163597260665082,0.0268692,0.027891510000631323
2025-02-14,0.0285706,0.0279383,0.028411259503884567,0.0276901,0.02833472327116547,0.0274991,0.02826019410560861,0.0267719,0.027980990344236456
2025-02-18,0.0287926,0.0283507,0.028624635115947948,0.0281528,0.028543954749352226,0.0280801,0.028465389118010113,0.0276239,0.02817105461232454
2025-02-19,0.0288575,0.0284975,0.028687016876899753,0.028274,0.028605126403201977,0.0281063,0.028525382066236418,0.0275613,0.028226628819602244
2025-02-20,0.0287228,0.0286473,0.02855755763368312,0.0284097,0.028478185259798672,0.0280409,0.02840089350166022,0.025135,0.028111332879164
2025-02-21,0.0286574,0.0283363,0.02849470464001685,0.0280456,0.02841655601304908,0.0277814,0.028340456128602746,0.0269249,0.028055362537448093
2025-02-24,0.0286944,0.0284293,0.028530270850556864,0.0281268,0.02845143319777949,0.0277675,0.028374662143662455,0.0265414,0.028087052250924026
2025-02-25,0.0283448,0.0278768,0.028194265824301137,0.0275187,0.028121960473545402,0.0271637,0.028051551837077287,0.0260406,0.027787790002279295
2025-02-26,0.0283727,0.027921,0.02822108654439728,0.0275638,0.028148262495054633,0.0272137,0.02807734857849003,0.0261625,0.02781169216822201
2025-02-27,0.0282559,0.0276107,0.028108832126048117,0.0271949,0.02803819213134864,0.026847,0.027969405424518815,0.0258987,0.027711721963533505
2025-02-28,0.0281782,0.0275032,0.028034157884361047,0.0269527,0.027964971665382057,0.0264779,0.027897600873220362,0.0253239,0.027645224159345186
2025-03-03,0.0281285,0.0274159,0.027986395175371763,0.0268795,0.02791813972286121,0.0261985,0.027851675433214325,0.0243148,0.02760269600934137
2025-03-04,0.0272524,0.0264085,0.027144358819539697,0.0258056,0.027092470847285926,0.0253095,0.027041948440301496,0.0242797,0.026852724117927357
2025-03-05,0.0273319,0.0268587,0.027220776438424035,0.0263696,0.027167407221480224,0.0259792,0.027115441977384122,0.0250926,0.02692080846465924
2025-03-06,0.027412,0.0272245,0.02729777002085278,0.0268827,0.027242908023645266,0.0266675,0.02718948871570451,0.0260377,0.02698940401239032
2025-03-07,0.0272879,0.026918,0.027178501230933922,0.0265431,0.02712596049676629,0.0262855,0.027074802016618802,0.0256203,0.02688319089864244
2025-03-10,0.0270361,0.0266273,0.026936496928487402,0.0261889,0.026888662890980995,0.0258566,0.02684208865242671,0.0250537,0.026667660063072217
2025-03-11,0.0265873,0.0262843,0.026505151639517298,0.0257853,0.026465704442642863,0.0253795,0.02642729890303955,0.0249897,0.026283488558126414
2025-03-12,0.0264855,0.0264046,0.02640731799932887,0.0260569,0.026369776464461578,0.0257918,0.026333226930774452,0.0255542,0.026196372522362954
2025-03-13,0.0264649,0.0263186,0.02638752763977262,0.0259165,0.026350374964405777,0.0256191,0.02631420406974325,0.0253356,0.02617876792245976
2025-03-14,0.026426,0.0263231,0.02635014833302864,0.0259112,0.026313726185135906,0.0256126,0.02627826671909773,0.0254037,0.026145496284918635
2025-03-17,0.0264087,0.0262607,0.026333529048162604,0.0258298,0.026297433823651743,0.0255219,0.026262292678779386,0.0252081,0.026130714486499132
2025-03-18,0.0265325,0.0263713,0.02645252413646593,0.025955,0.026414119998420763,0.0256289,0.02637672987044612,0.0251415,0.026236720815288994
2025-03-19,0.0264942,0.026356,0.026415720025250253,0.0258983,0.02637803452512721,0.0255159,0.026341344263910535,0.024862,0.026203957753347162
2025-03-20,0.0264874,0.0263324,0.026409191143614966,0.025872,0.02637163578322121,0.0255154,0.026335072193310112,0.0250227,0.026198159715860238
2025-03-21,0.0264345,0.0261779,0.026358354093854973,0.0257187,0.026321789854516237,0.0253732,0.0262861915367628,0.0249303,0.02615289649415284
2025-03-24,0.0265495,0.026335,0.026468889784344196,0.0258908,0.026430180320201977,0.0255803,0.026392492471203118,0.0251963,0.026251364418030963
2025-03-25,0.0264637,0.0262619,0.026386430851990102,0.0258376,0.02634932666145574,0.0255939,0.026313202280983283,0.0254213,0.02617793400964688
2025-03-26,0.0265014,0.0263844,0.026422670885172042,0.0260314,0.026384865070316538,0.025872,0.026348057236209928,0.025838,0.02621022650023063
2025-03-27,0.0264183,0.0262611,0.026342806612143922,0.0258528,0.026306555462107774,0.025583,0.026271261808244552,0.025284,0.026139106147822104
2025-03-28,0.0263934,0.0261372,0.026318879860619707,0.0256446,0.026283096253423455,0.0252675,0.026248257920891683,0.024762,0.0261178083603923
2025-03-31,0.0262829,0.0260154,0.026212680653608534,0.0254505,0.026178963477659783,0.0250141,0.026146137787956224,0.0244009,0.026023231726075985
2025-04-01,0.0261878,0.0258769,0.026121282934178206,0.0252366,0.026089344601033054,0.0247636,0.026058251440570116,0.0241229,0.02594183889585431
2025-04-02,0.026075,0.0258167,0.02601287340312232,0.0252069,0.025983044585363307,0.0247732,0.025954006028432355,0.0242228,0.02584529423544029
2025-04-03,0.0260298,0.0256502,0.02596943607236554,0.0248843,0.025940454109115562,0.0244085,0.025912240320369793,0.023875,0.025806619412629378
2025-04-04,0.0255873,0.0249963,0.025544143734800667,0.0242638,0.025523429947184855,0.0238811,0.02550326930433364,0.0235923,0.025427833752661416
2025-04-07,0.0256178,0.0253988,0.025573464859907177,0.0248073,0.02555218448929643,0.0245745,0.02553147190828773,0.0245266,0.025453966721121678
2025-04-08,0.0256342,0.0256072,0.02558923366802979,0.0250747,0.025567649885057886,0.0247624,0.02554664170016276,0.0244531,0.025468027759252575
2025-04-09,0.0263488,0.0265125,0.02627605946582618,0.0261791,0.026241130061737446,0.0260589,0.02620712314948393,0.0260476,0.026079784799425985
2025-04-10,0.0262286,0.0262866,0.026160535228354275,0.0259993,0.0261278524699146,0.025964,0.026096033756158127,0.0260764,0.02597689719070019
2025-04-11,0.0263562,0.0264574,0.02628317803627545,0.0261863,0.026248113282855243,0.0262539,0.026213974461755763,0.0266528,0.02608614095661773
2025-04-14,0.0263203,0.0262568,0.026248676283208025,0.0259155,0.026214283335895917,0.0257869,0.026180798821811402,0.0256465,0.02605541758461919
2025-04-15,0.0262302,0.0259752,0.026162081568083105,0.0255626,0.02612937285849704,0.0253759,0.02609752876107655,0.0252155,0.02597829607119885
2025-04-16,0.0264215,0.0260567,0.02634594759584882,0.0256007,0.026309666806928925,0.0253693,0.02627434346389849,0.0250998,0.026142069032917402
2025-04-17,0.0265003,0.0260398,0.026421686209867505,0.0255223,0.026383934386284186,0.0252769,0.026347178228777555,0.025104,0.0262095328875357
2025-04-21,0.0265106,0.026017,0.02643158737385823,0.0255153,0.026393643878645984,0.0253868,0.02635670101291287,0.0254251,0.02621835564402611
2025-04-22,0.0265529,0.0260527,0.026472244415043908,0.0256209,0.026433511449519137,0.0254725,0.026395799620347563,0.0253819,0.026254571743471615
2025-04-23,0.0266219,0.0261496,0.02653856325618336,0.0257615,0.026498541969810763,0.0257951,0.026459575299064057,0.0260975,0.026313643701682807
2025-04-24,0.0265469,0.026063,0.026466479795813628,0.0256373,0.026427859889000333,0.0256107,0.02639025815242129,0.0257535,0.026249442696816346
2025-04-25,0.0265797,0.0260559,0.026498005833676487,0.0256227,0.02645877376566888,0.0256098,0.02642057576894541,0.0257462,0.026277525193329897
2025-04-28,0.0265319,0.0260624,0.02645206502705335,0.02559,0.02641372628260644,0.0254901,0.026376398372122842,0.0254769,0.0262366090705327
2025-04-29,0.0265676,0.0260453,0.02648637827870485,0.0255716,0.026447373180236333,0.0254105,0.02640939622633028,0.0252669,0.02626717396028006
2025-04-30,0.026478,0.0258085,0.026400262396504875,0.0252586,0.02636293139888186,0.0249453,0.026326585010017806,0.0245708,0.02619047456199261
2025-05-01,0.0264466,0.0257818,0.026370084275358422,0.0252517,0.026333340367009794,0.0250434,0.02629756578880626,0.0248565,0.026163598547564573
2025-05-02,0.026483,0.0259003,0.026405070478214734,0.0255009,0.026367647215687923,0.0253803,0.026331210929836035,0.0253435,0.02619476323548363
2025-05-05,0.0264568,0.0258668,0.026379890064438007,0.0254336,0.02634295669235888,0.0253755,0.026306997547165038,0.0254258,0.026172338219933235
2025-05-06,0.0264103,0.0259729,0.02633519886277932,0.0255378,0.026299134596650595,0.0251807,0.026264021947921767,0.0251934,0.026132535455750942
2025-05-07,0.0262938,0.0258379,0.02622322904292631,0.0254382,0.026189341504303288,0.0250996,0.026156348975608045,0.0249518,0.026032809286111
2025-05-08,0.0262605,0.0260178,0.02619122519140903,0.0256956,0.026157960420642234,0.025472,0.026125574448484856,0.0257319,0.026004308158757032
2025-05-09,0.0261433,0.0257057,0.026078583011089364,0.0252914,0.02604750824025583,0.0249858,0.026017255310133897,0.0251214,0.025903984210335206
2025-05-12,0.0261989,0.0258571,0.026132023566933175,0.0255288,0.02609991114372343,0.0253563,0.02606864751355396,0.0257613,0.025951587729932564
2025-05-13,0.0261716,0.0257261,0.026105786561041795,0.0254631,0.02607418487312169,0.0253368,0.026043418678413054,0.0257472,0.025928223259984264
2025-05-14,0.0261722,0.0256815,0.026106364956929147,0.0253898,0.026074752854501313,0.0252608,0.02604397649444288,0.0258265,0.025928742775747846
2025-05-15,0.0259542,0.0254617,0.02589684137238386,0.0251301,0.025869302155502514,0.0249313,0.025842492770752692,0.0252102,0.02574212846020578
2025-05-16,0.0259297,0.0254346,0.025873296191887194,0.0251095,0.025846215719152413,0.0249099,0.025819853121938192,0.0252062,0.02572116325327977
2025-05-20,0.0265007,0.0259178,0.02642210083334464,0.0257459,0.026384355444929338,0.0257302,0.026347605176475535,0.0262387,0.026209978455121102
2025-05-21,0.0264124,0.0260808,0.026337233576977075,0.0259636,0.026301137620515395,0.0260667,0.02626599390007225,0.0269297,0.026134389068366154
2025-05-22,0.0263777,0.0260424,0.026303882944245384,0.0258873,0.026268435350912295,0.025964,0.026233923131981376,0.0268552,0.026104685340546892
2025-05-23,0.0263702,0.0260319,0.026296675019128017,0.0258529,0.02626136775775255,0.0259276,0.02622699221591192,0.0267692,0.02609826667893933
2025-05-26,0.0263457,0.0260276,0.02627312797446805,0.0258272,0.026238278598046994,0.025885,0.026204349030291056,0.0266174,0.026077295099524327
2025-05-27,0.0263771,0.0259863,0.02630330787616512,0.025748,0.02626787223112478,0.0257341,0.02623337162967379,0.0262715,0.026104177200618278
2025-05-28,0.0264852,0.025979,0.026407205905588673,0.0257057,0.026369751205234795,0.0256503,0.026333284035850953,0.0260574,0.026196718180640753
2025-05-29,0.0263158,0.0259003,0.02624439135737543,0.0256507,0.02621010096651835,0.0255851,0.026176715838672763,0.0258556,0.026051702540629725
2025-05-30,0.0263214,0.0258907,0.026249774300628057,0.0256443,0.026215379601381386,0.0255371,0.026181892868942822,0.0257854,0.02605649864801792
2025-06-02,0.0263937,0.0259656,0.026319264217887755,0.0256559,0.02628351926233379,0.0255189,0.026248717371085323,0.0256998,0.026118393412601255
2025-06-03,0.0263557,0.0259841,0.02628274176033821,0.0257115,0.026247706758297865,0.0256611,0.02621359635909286,0.0261367,0.026085864319048635
2025-06-04,0.0263789,0.0260197,0.02630504027345098,0.0257707,0.026269572098804123,0.0256925,0.026235039783688283,0.0259219,0.026105726209237366
2025-06-05,0.026585,0.0262535,0.02650312841266953,0.0259805,0.026463810532960142,0.0257922,0.026425528596256322,0.026135,0.0262821601084149
2025-06-06,0.0265244,0.0264088,0.02644488375699471,0.0262419,0.02640669762981178,0.0261859,0.026369518027685838,0.0269553,0.026230281527052035
2025-06-09,0.0267407,0.0265434,0.026652774826617376,0.0263649,0.026610548213078983,0.0263026,0.02656943317495605,0.0269899,0.026415445326451154
2025-06-10,0.0267455,0.0265133,0.026657387181485238,0.0263215,0.026615070424933423,0.0262579,0.02657386760051038,0.0269142,0.026419550818165986
2025-06-11,0.0267041,0.0264483,0.026617595602309686,0.0262381,0.026576051711753364,0.0261609,0.026535601672497442,0.0267205,0.026384106704911335
2025-06-12,0.0266941,0.0264035,0.0266079835510402,0.0262045,0.026566626085579952,0.0261538,0.02652635763468774,0.0267321,0.026375543414976825
2025-06-13,0.0266434,0.0265224,0.026559253796483072,0.0262865,0.026518843048143895,0.0262548,0.026479496710053622,0.0271244,0.026332138970912508
2025-06-16,0.0267602,0.0266374,0.026671512682859774,0.0264347,0.026628919939189605,0.0264312,0.026587448341044102,0.0272438,0.026432124449185822
2025-06-17,0.0267501,0.02666,0.026661804407384453,0.0264865,0.026619399905269195,0.026464,0.026578111666123245,0.027003,0.026423475171885508
2025-06-18,0.0266809,0.0266547,0.026595293737355717,0.0264732,0.02655418147454358,0.0264184,0.026514151888580764,0.0268002,0.026364233356729015
2025-06-19,0.0266683,0.0266308,0.02658318303794238,0.0264204,0.02654230589437344,0.0263488,0.026502505321465957,0.0267819,0.02635344526998073
2025-06-20,0.0265262,0.0264141,0.026446606744646932,0.0261558,0.026408383750960943,0.0260474,0.026371168329159145,0.0263986,0.02623179836961212
2025-06-23,0.0266272,0.0263988,0.026543680464141982,0.0260854,0.026503570890559904,0.0259138,0.02646451793611497,0.0261002,0.026318260256328205
2025-06-24,0.02661,0.0264461,0.026527148837648964,0.0261316,0.026487360423000858,0.02594,0.026448620281277896,0.0260697,0.026303535163679233
2025-06-25,0.0266571,0.0264209,0.026572417618207656,0.0261545,0.026531749306552267,0.0260702,0.02649215214651188,0.0264778,0.026343854650821036
2025-06-26,0.026607,0.0263679,0.026524264894643133,0.0260713,0.026484532256521625,0.0259343,0.02644584644834453,0.0261921,0.026300965056739817
2025-06-27,0.0265031,0.0262758,0.026424403862730813,0.0259439,0.026386611951874795,0.0257882,0.026349816416581025,0.0260371,0.02621202043963606
2025-06-30,0.0265447,0.0262659,0.02646438689872169,0.0259301,0.026425818031926146,0.0257682,0.02638826573749813,0.0259422,0.026247633137931756
2025-07-02,0.0265777,0.0263423,0.026496104091024476,0.026048,0.026456918833725876,0.0260439,0.026418766173241036,0.0266136,0.02627588318584092
2025-07-03,0.0265914,0.0263827,0.026509271444884838,0.0261547,0.026469830252230053,0.0262186,0.026431428311086597,0.0269117,0.026287610940065223
2025-07-04,0.0264558,0.0262787,0.026378942809548875,0.02606,0.026342034509638623,0.0261101,0.026306099610641436,0.0266753,0.026171529578680894
2025-07-07,0.0264806,0.0263689,0.026402779119958447,0.0261761,0.026365407759091648,0.0260995,0.026329021832922836,0.026876,0.026192761147766683
2025-07-08,0.0264956,0.0263858,0.026417196292021,0.0261678,0.026379544876468906,0.0260985,0.026342886172915577,0.0270086,0.026205602989541568
2025-07-09,0.0264216,0.0263636,0.026346073280585445,0.0261578,0.026309804253554073,0.0260364,0.026274491995357897,0.026542,0.026142255728685726
2025-07-10,0.0264471,0.0263809,0.02637058246113222,0.0261778,0.02633383733562369,0.0261138,0.026298061350655124,0.0268594,0.026164086818820237
2025-07-11,0.0264512,0.0264843,0.02637452344828386,0.0263471,0.026337701909747768,0.0263726,0.026301851493679987,0.0273934,0.026167597925388933
2025-07-14,0.0266494,0.0266464,0.026565018734406164,0.0265026,0.02652449507424091,0.0265597,0.026485038782623687,0.0275384,0.026337269106992953
2025-07-15,0.0268235,0.0270632,0.026732350142449856,0.0270371,0.026688574182306652,0.0271653,0.026645950151668645,0.0282591,0.02648630674395528
2025-07-16,0.0267365,0.026966,0.026648731212995207,0.0269338,0.02660657987814186,0.0270513,0.026565538248045927,0.0280237,0.026411826346901132
2025-07-17,0.0266533,0.0269302,0.02656876494150609,0.0268793,0.026528167426578934,0.0270101,0.02648863922769396,0.0280565,0.026340600268310206
2025-07-18,0.026562,0.02691,0.026481013908675466,0.0268787,0.02644212167898803,0.0270394,0.0264042544343326,0.0281552,0.02626244134392862
2025-07-21,0.0266667,0.0269948,0.02658164370953404,0.0269384,0.026540795748626417,0.0270534,0.026501023618860114,0.0278895,0.02635207035710476
2025-07-22,0.0266672,0.0269507,0.026582123902285627,0.0268664,0.02654126643124106,0.0269631,0.026501485043230043,0.0277393,0.02635249712069325
2025-07-23,0.0267187,0.0270603,0.02663162147894933,0.0269955,0.026589801850430948,0.0271613,0.026549083324225137,0.0281645,0.026396582724136343
2025-07-24,0.0268139,0.0271321,0.02672312003375218,0.0270648,0.026679521871256325,0.0272416,0.02663707105731415,0.0281937,0.02647807730461807
2025-07-25,0.0266906,0.0269642,0.026604612474198232,0.026891,0.026563317096258306,0.0270611,0.026523109208327848,0.0279582,0.02637252281692202
2025-07-28,0.0268019,0.0270529,0.02671158531554035,0.0269511,0.026668210744852174,0.0271195,0.02662597772493725,0.0279573,0.026467800479228296
2025-07-29,0.0268717,0.027113,0.02677867107097042,0.0270338,0.02673399232066967,0.0271084,0.026690489037649937,0.0276179,0.02652755049352408
2025-07-30,0.0268461,0.0270702,0.02675406528882187,0.0270132,0.026709864279515456,0.0271495,0.02666682632922253,0.0277813,0.026505632125926742
2025-07-31,0.0268232,0.0270424,0.02673205469021761,0.0269972,0.026688281054729066,0.0270891,0.02664565937762912,0.0275509,0.026486025606302192
2025-08-01,0.026534,0.0267108,0.026454096673065777,0.0265376,0.02641572482416048,0.0265205,0.026378364503121622,0.0268304,0.026238452194808623
2025-08-05,0.0265736,0.0266082,0.026492157639469636,0.0265205,0.02645304627665725,0.0264603,0.026414965662811134,0.0268164,0.02627235339965913
2025-08-06,0.0265689,0.0266199,0.026487640603641536,0.0265336,0.02644861715019305,0.026483,0.0264106221570307,0.0268452,0.02626833080107433
2025-08-07,0.0265726,0.0266383,0.02649119702183747,0.0265576,0.026452104572310814,0.0265008,0.026414042373661746,0.0268188,0.0262714990789683
2025-08-08,0.0263697,0.026428,0.026296185019267025,0.026336,0.026260882747935532,0.0262676,0.02622651218488509,0.026565,0.026097806390553598
2025-08-11,0.0265065,0.0265226,0.026427667886605184,0.0264023,0.026389810713715527,0.0263417,0.02635295166083057,0.0267049,0.026214918033093212
2025-08-12,0.0264992,0.0265211,0.026420652094582046,0.0264028,0.026382931475402646,0.0263921,0.026346205420743597,0.0269358,0.02620867026833052
2025-08-13,0.0264902,0.026448,0.02641200239704887,0.0262974,0.026374450089849552,0.0262544,0.026337887965927863,0.026704,0.026200967233816132
2025-08-14,0.0265071,0.0265273,0.026428245845967323,0.02638,0.026390378057375628,0.0260848,0.026353508648657657,0.024323,0.026215436056631236
2025-08-15,0.0264073,0.0264664,0.02633232593886327,0.02634,0.026296322527955395,0.0263715,0.02626126902108971,0.0270685,0.02613000301666403
2025-08-18,0.0265309,0.0265742,0.026451121684235107,0.0264764,0.02641280981502905,0.0265562,0.026375507857823038,0.0272831,0.026235813802373074
2025-08-19,0.0264903,0.0264696,0.02641210022456101,0.0263312,0.02637454683986612,0.0263453,0.026337983644931295,0.0269125,0.02620105870195274
2025-08-20,0.0264897,0.0264459,0.02641152390248187,0.0263086,0.026373981888112127,0.026211,0.02633742976345918,0.0268534,0.026200546275332054
2025-08-21,0.0265062,0.0265434,0.0264273827999651,0.0264159,0.02638953272922755,0.0263464,0.026352680553036103,0.0272137,0.026214672329364745
2025-08-22,0.026395,0.026358,0.026320505974673756,0.0262179,0.026284733184287038,0.0261308,0.026249904278613154,0.0267748,0.026119479942863323
2025-08-25,0.0265759,0.0265119,0.026494374127028354,0.0263583,0.02645522252083857,0.0262958,0.02641710263581492,0.0270769,0.02627434249522275
2025-08-26,0.0265505,0.0265065,0.026469961503066422,0.0263257,0.026431284332088325,0.0262247,0.026393626548238937,0.0268028,0.02625259852866437
2025-08-27,0.0265845,0.0265507,0.02650263979419719,0.0263822,0.02646332754121328,0.0262916,0.02642505118608582,0.0268389,0.026281704542192717
2025-08-28,0.0266125,0.0265006,0.02652955120489039,0.0263075,0.02648971588642256,0.0262036,0.02645093006590356,0.0267716,0.026305673779314573
2025-08-29,0.0265698,0.0261542,0.026488510986718245,0.0259634,0.02644947319707043,0.0258552,0.02641146417300553,0.0263063,0.026269119609526742
2025-09-02,0.0264215,0.0262265,0.02634597615583489,0.0260281,0.026309708530201634,0.0259484,0.026274397649677372,0.0265097,0.026142166662881813
2025-09-03,0.0263128,0.0260413,0.026241502432567797,0.0257904,0.026207265522126766,0.0256578,0.026173932553955684,0.0261264,0.0260491154038104
2025-09-04,0.0262903,0.0260136,0.026219878056446475,0.0257615,0.026186061864983987,0.0256473,0.026153138665930623,0.0261109,0.026029857365307475
2025-09-05,0.0258323,0.0253396,0.025779683847092328,0.0250188,0.025754423318823137,0.024856,0.025729833334618736,0.0253842,0.025637787693252194
2025-09-08,0.0256266,0.0251829,0.025581983126771464,0.0248658,0.02556056620015257,0.0246842,0.02553971985553139,0.0250113,0.025461706365041754
2025-09-09,0.0252702,0.0250654,0.025239441539185167,0.024821,0.025224683514748603,0.0247236,0.02521032290795107,0.0251767,0.025156619826503135
2025-09-10,0.0249988,0.0248362,0.02497859675088714,0.0246199,0.024968910417454485,0.0245417,0.024959489587830952,0.0249623,0.02492430198448793
2025-09-11,0.0249401,0.0247786,0.02492218402323802,0.0246021,0.02491359662024673,0.0245528,0.02490524608374774,0.0249783,0.024874069702224638
2025-09-12,0.0248299,0.024738,0.024816273323550454,0.02457,0.024809746826246273,0.0245297,0.024803403548539927,0.0249935,0.02477975046496219
2025-09-15,0.0248929,0.0246761,0.02487682960306731,0.0245028,0.024869128791977377,0.0244694,0.024861641663151215,0.0249391,0.02483370041028083
2025-09-16,0.0245474,0.0243837,0.0245447658717708,0.0242137,0.02454352109154334,0.0241815,0.024542322083582545,0.0246606,0.024537950320419673
2025-09-17,0.0243303,0.0243583,0.02433611163709569,0.0242261,0.024338924930010896,0.0242658,0.024341678415603602,0.0249367,0.024352121281398437
2025-09-18,0.0243012,0.0242386,0.024308149399506068,0.0241432,0.024311509259934017,0.0241905,0.02431479502144595,0.0248034,0.024327232297803224
2025-09-19,0.024208,0.0242119,0.024218578844717974,0.0241171,0.024223682530422817,0.0241413,0.024228666701160247,0.0246532,0.024247469483446346
2025-09-24,0.0242277,0.0240667,0.02423751932507086,0.0239455,0.02424225793770196,0.0239879,0.024246886447438245,0.0245381,0.024264355365702518
2025-09-25,0.0242392,0.0241482,0.024248578190856383,0.0240575,0.024253104722271004,0.0241644,0.024257526590179834,0.0248644,0.024274220264548944
2025-09-26,0.0241704,0.0241312,0.024182458391082174,0.0240623,0.024188272649116733,0.0242123,0.024193948694246542,0.025012,0.024215342818539175
2025-09-29,0.0242882,0.024089,0.02429568446982828,0.0239907,0.024299300849539993,0.0240662,0.02430283608838613,0.0246451,0.024316205092702062
2025-10-01,0.0241919,0.0239498,0.0242031329926726,0.0237828,0.024208550442595567,0.0238888,0.0242138398653272,0.024582,0.02423378360260152
2025-10-02,0.0241323,0.0238908,0.024145854920654904,0.0237382,0.02415238795955722,0.0238537,0.024158763905019094,0.0244975,0.02418277973629534
2025-10-03,0.0241121,0.023874,0.024126445145436506,0.0237032,0.02413335779038103,0.0238031,0.02414010341051729,0.0244669,0.0241655043439783
2025-10-06,0.0240366,0.0238743,0.02405388499535996,0.0237402,0.024062210144552707,0.0238999,0.02407033148569864,0.0246352,0.024100888550393905
2025-10-07,0.0239594,0.0238007,0.023979690980754264,0.0236627,0.02398946041135314,0.0238129,0.02399898842390272,0.0244839,0.02403481762714764
2025-10-08,0.0237987,0.0237012,0.0238252430929937,0.0236248,0.023838016567902645,0.0238236,0.02385047046229751,0.0245721,0.023897266324173494
2025-10-09,0.0237991,0.0237165,0.02382563278456148,0.0236398,0.023838401203530975,0.0238739,0.02385085010762902,0.0247097,0.023897626664076466
2025-10-10,0.0238386,0.0238547,0.023863602194146426,0.0238514,0.023875635066864517,0.0240144,0.023887367485463648,0.0246504,0.023931457836639636
2025-10-14,0.0239856,0.0237562,0.024004892126253938,0.0237169,0.024014181221648292,0.023703,0.024023241140085742,0.0243228,0.024057313512388524
2025-10-15,0.0239328,0.0236827,0.023954148526607825,0.023568,0.02396442564802044,0.0234891,0.02397444785747008,0.0241311,0.02401212679504163
2025-10-16,0.0238239,0.0235611,0.023849485833655735,0.0233988,0.02386179890652203,0.0232697,0.023873804087582308,0.0237565,0.023918915452979715
2025-10-17,0.023675,0.0234175,0.023706378369833747,0.0233985,0.0237214746773632,0.0233862,0.023736190682048474,0.0237037,0.023791462690737633
2025-10-20,0.0233918,0.0231874,0.023434192202473534,0.0230775,0.02345458057043771,0.0230124,0.023474450993737173,0.0235207,0.02354904304297884
2025-10-21,0.0233575,0.0233398,0.023401230865387354,0.0232743,0.023422262358060247,0.0232628,0.023442759119809496,0.0238797,0.023519698301634827
2025-10-22,0.0231481,0.0229965,0.023199976435052755,0.0230528,0.023224921773654258,0.023151,0.023249230562222528,0.0238171,0.02334045795322863
2025-10-23,0.0230394,0.0228686,0.023095507816068846,0.0229386,0.02312248622242474,0.0230682,0.02314877515066382,0.0239109,0.023247424142729636
2025-10-24,0.0226826,0.0226116,0.022752584251819377,0.0226021,0.022786230172093632,0.0227013,0.02281901319494805,0.0237426,0.022942003637055224
2025-10-27,0.0225658,0.0224816,0.02264033171638915,0.0225177,0.022676162559143186,0.0226492,0.022711073613367553,0.0235423,0.022842039868970293
2025-10-28,0.0224289,0.0224163,0.02250876067238302,0.0224649,0.02254715194226117,0.0226175,0.022584556768599426,0.0235223,0.02272486974891145
2025-10-29,0.0224567,0.0226676,0.022535487063227107,0.0227924,0.02257336232436064,0.0230479,0.022610264468124974,0.024326,0.022748692405232057
2025-10-30,0.0223447,0.0225689,0.02242784773860642,0.0226854,0.02246781817370951,0.0229445,0.022506760936044513,0.0241899,0.02265283705482822
2025-10-31,0.022225,0.0224758,0.02231280784475167,0.0225835,0.022355017328499215,0.0228182,0.022396140842368514,0.0239622,0.02255039039908359
2025-11-03,0.022309,0.0225572,0.02239354919946872,0.0226477,0.02243419276958539,0.0228987,0.022473790995331765,0.0241224,0.022622322458599735
2025-11-04,0.0222085,0.0224798,0.02229696235730484,0.0226444,0.022339486078100827,0.022941,0.022380915495145294,0.0241719,0.022536310186157885
2025-11-05,0.022098,0.0223274,0.022190764337776767,0.0225001,0.02223535503713076,0.0228227,0.022278797615176506,0.024112,0.022441737611154915
2025-11-06,0.0220984,0.0222603,0.02219115516958529,0.0224,0.022235741338536355,0.0226783,0.022279179423843554,0.0237533,0.022442101848877127
2025-11-07,0.0221131,0.0223042,0.022205289766130655,0.0225285,0.02224960413992412,0.0229116,0.022292777420300103,0.0243451,0.022454706570990725
2025-11-10,0.0220588,0.0223932,0.022153106389210066,0.0226358,0.022198437688604137,0.0230309,0.022242601384244196,0.0244208,0.02240824230096366
2025-11-12,0.0220784,0.0224119,0.022171950059614552,0.0226489,0.022216917832425187,0.0230334,0.022260727382103867,0.0243606,0.022425040193541204
2025-11-13,0.0221004,0.0224654,0.022193100074109337,0.0227329,0.022237659325641677,0.0231689,0.022281070908931503,0.0246219,0.022443891401677234
2025-11-14,0.0220479,0.0225106,0.022142645940435288,0.0227532,0.022188188134266207,0.023195,0.022232557042850865,0.0247629,0.022398965358445155
2025-11-17,0.0221899,0.0225216,0.02227913054318261,0.022825,0.022322022493150503,0.0232993,0.02236380999958342,0.024841,0.022520541769384096
2025-11-18,0.0221529,0.0224746,0.02224357301527682,0.0228233,0.022287157992877105,0.0233048,0.022329620457756476,0.0248338,0.022488881736779445
2025-11-19,0.0220634,0.0223882,0.02215755636860738,0.0227544,0.022202815018512734,0.0232636,0.022246907591827347,0.0248428,0.022412278619823707
2025-11-20,0.0220092,0.022349,0.022105467567405494,0.0226892,0.022151740566665537,0.0231494,0.022196821065270465,0.024635,0.022365894701944736
2025-11-21,0.0218861,0.0222362,0.02198715726147492,0.0225331,0.022035731627093467,0.0229454,0.022083053607252493,0.0243491,0.022260528615201503
2025-11-24,0.0219169,0.0222629,0.022016764328891852,0.0224878,0.02206476540374148,0.0227909,0.02211152894243194,0.024248,0.022286910212428908
2025-11-25,0.0218875,0.0222321,0.021988511342380394,0.0224192,0.022037063477151394,0.0226772,0.0220843636976473,0.0239769,0.022261756169060558
2025-11-26,0.0218647,0.0222797,0.021966601687243906,0.0224849,0.022015581554479958,0.022747,0.022063298336841824,0.023975,0.02224225176921077
2025-11-27,0.0218591,0.0222955,0.021961223266472357,0.0225016,0.022010309526507805,0.022763,0.022058129886903678,0.023954,0.02223747112155236
2025-11-28,0.0218078,0.0223802,0.021911921267409772,0.0225799,0.02196196749424359,0.0228553,0.022010722817023425,0.0241133,0.022193568189717773
2025-12-01,0.0219146,0.0224198,0.022014573116452215,0.0226778,0.022062626083971942,0.0230721,0.022109439922953434,0.0247615,0.022285007517781952
2025-12-02,0.0217909,0.0223026,0.021895685096622926,0.022625,0.021946050159337194,0.0230351,0.021995115942816824,0.0246336,0.02217912424659723
2025-12-03,0.0217459,0.0221572,0.021852437915683063,0.0224896,0.021903645140567262,0.0228826,0.0219535311479399,0.0243418,0.02214061354096076
2025-12-04,0.0217397,0.0221686,0.021846482377812875,0.0225058,0.021897806999397418,0.0229498,0.021947807308169268,0.0246338,0.022135317748972837
2025-12-05,0.0218754,0.0226012,0.02197691030780949,0.0231827,0.022025701635362115,0.0239381,0.022073234471183117,0.0264056,0.02225149559382035
2025-12-08,0.0220303,0.022699,0.022125791155547494,0.0232887,0.022171690229365795,0.0240247,0.02221640597354922,0.0263995,0.02238410736407534
2025-12-09,0.0220894,0.0227058,0.022182595524436754,0.0233312,0.022227391510477482,0.0241692,0.022271032822003396,0.0268765,0.02243470665103628
2025-12-10,0.022087,0.0226298,0.022180290396284812,0.0231834,0.022225131937445925,0.0239058,0.022268817599989176,0.0263393,0.022432657492063093
2025-12-11,0.0220864,0.0225911,0.022179715223395544,0.0231092,0.022224568664542962,0.0238303,0.02226826589883143,0.0262808,0.02243214899385349
2025-12-12,0.0219991,0.0225321,0.02209581045322815,0.0230706,0.02214229527426574,0.0238033,0.02218758145674078,0.0262314,0.02235742031533549
2025-12-15,0.0220831,0.0224336,0.02217654662962358,0.0229952,0.022221463150343845,0.0236978,0.02226522178507072,0.0259346,0.02242933467318487
2025-12-16,0.0219797,0.0223593,0.022077167605990527,0.0229816,0.022124016180615352,0.0236911,0.022169656622208975,0.0258436,0.022340823025901707
2025-12-17,0.0218977,0.0222966,0.021998356982244057,0.0229548,0.02204673802049568,0.0237326,0.022093871063388018,0.0260447,0.022270632068058425
2025-12-18,0.0218872,0.0222611,0.021988267015728424,0.0229176,0.022036845038914444,0.0236845,0.022084169922233114,0.0259387,0.022261649800000526
2025-12-19,0.0217979,0.0222441,0.02190244035869667,0.0229309,0.021952687288022115,0.0237658,0.02200163766558765,0.0261815,0.02218521025265973
2025-12-22,0.0218725,0.0222905,0.021974142313789385,0.0229803,0.02202299669255327,0.0237816,0.02207059069843805,0.02608,0.022249078901785208
2025-12-23,0.0218624,0.0222849,0.02196443660895845,0.0229666,0.022013480414086257,0.0237037,0.022061258900703328,0.025815,0.02224043841202137
2025-12-24,0.0216968,0.0222402,0.02180527594554739,0.0229254,0.02185741382025688,0.0236729,0.021908205914426562,0.0257798,0.02209868128431381
2025-12-29,0.0218668,0.0223103,0.021968669329496898,0.0229614,0.022017632682928046,0.0236527,0.022065332762143244,0.0256826,0.02224421794367576
2025-12-30,0.0218596,0.022361,0.021961750636993276,0.0230157,0.0220108491311076,0.0237408,0.0220586808198669,0.0259203,0.02223805915846675
2025-12-31,0.0219055,0.0223875,0.02200586763100253,0.0230379,0.022054109364031432,0.023753,0.022101106549265375,0.0259225,0.02227735672403247
2026-01-02,0.0218493,0.0224407,0.021951853535516302,0.0230862,0.022001145573670583,0.0238591,0.022049165743384915,0.0262234,0.022229250289345616
2026-01-05,0.0219414,0.0224825,0.022040374412437995,0.0231133,0.0220879466569317,0.0237887,0.0221342917293418,0.0257578,0.022308097285093767
2026-01-06,0.021951,0.022523,0.022049602075845377,0.0231675,0.02209699539565838,0.023879,0.02214316618433972,0.0259601,0.022316318365407158
2026-01-07,0.0219543,0.0225156,0.022052774573026693,0.0231354,0.022100106612346723,0.0237845,0.022146217703891018,0.0256955,0.022319146029559728
2026-01-08,0.0219318,0.0225055,0.022031149997307983,0.0231362,0.02207890266361219,0.0238037,0.022125423437177393,0.0258048,0.02229988730874953
2026-01-09,0.0218446,0.0224368,0.02194734069254125,0.0230657,0.021996722572543783,0.023715,0.02204483019254561,0.0256591,0.022225242023684248
2026-01-12,0.0219323,0.022528,0.02203163241577036,0.0231585,0.022079376597766875,0.0238149,0.022125889084304035,0.0257873,0.022300321680747387
2026-01-13,0.0219091,0.0224874,0.022009335006674062,0.0231236,0.022057512870117854,0.023767,0.0221044477543172,0.0257037,0.022280463564548186
2026-01-14,0.0219255,0.0225139,0.022025098195291106,0.0230774,0.022072970056345776,0.0236447,0.02211960688451734,0.0254572,0.022294505392861277
2026-01-15,0.0219259,0.0225076,0.0220254832870244,0.0230843,0.022073347972077665,0.0236573,0.022119977802757252,0.0254264,0.02229485000860821
2026-01-16,0.021787,0.022471,0.021891983653610805,0.0230337,0.02194244320283789,0.0236266,0.02199160042695338,0.0256292,0.022175946107634008
2026-01-19,0.0219085,0.0224937,0.02200876142772256,0.0230244,0.02205695192579797,0.0235898,0.022103899077277153,0.0255598,0.022279960515083803
2026-01-20,0.0218476,0.0224931,0.021950229512950153,0.0229811,0.021999557864419303,0.0235433,0.02204761327919094,0.0257038,0.022227828803625102
2026-01-21,0.0218673,0.0224914,0.021969164462733524,0.0230309,0.02201812519209156,0.0236043,0.022065822532529058,0.0255798,0.02224469578008407
2026-01-22,0.021906,0.0224949,0.02200636067038517,0.0229979,0.022054598814284457,0.0235777,0.022101592347061393,0.0257399,0.022277827402773065
2026-01-23,0.0218149,0.0224428,0.02191880269190506,0.022953,0.021968742767403376,0.0235512,0.022017393977547144,0.0257872,0.022199842524475225
2026-01-26,0.021919,0.0224386,0.022018856605006496,0.0228875,0.022066852519788616,0.0234044,0.022113610104625217,0.0254349,0.022288960595724744
2026-01-27,0.0219142,0.0224102,0.022014243586127507,0.0228601,0.022062329337880576,0.0234135,0.02210917441926775,0.0256111,0.022284852834142478
2026-01-28,0.0219604,0.0223822,0.02205864793377023,0.0228284,0.02210587086714215,0.0232798,0.022151875557541303,0.0256471,0.02232440385296717
2026-01-29,0.0220056,0.0224186,0.02210209096225733,0.022842,0.022148469667201937,0.0232747,0.022193652075691607,0.0255125,0.02236309815300077
2026-01-30,0.0219066,0.0224265,0.022006939606646667,0.0228324,0.02205516758509646,0.0232509,0.0221021511883226,0.0254316,0.022278348765761236
2026-02-02,0.0219321,0.0223972,0.02203144867027695,0.0228268,0.02207920049636282,0.0232854,0.022125720321798603,0.0255329,0.02230017945622633
2026-02-03,0.0219145,0.0224026,0.02201453313712317,0.0228299,0.022062613844343895,0.0232955,0.022109453997114815,0.0256113,0.022285113798903453
2026-02-04,0.0219126,0.022425,0.02201270731768808,0.022839,0.022060823662440967,0.023296,0.022107698522224925,0.0256084,0.022283488381518675
2026-02-05,0.0219176,0.0223773,0.022017513251036167,0.0227837,0.022065536340706137,0.0232284,0.02211232036603781,0.0253755,0.02228776971101159
2026-02-06,0.0218578,0.0223096,0.021960038259705116,0.0227257,0.02200917851063522,0.0231873,0.022057050649035098,0.0253885,0.02223657858656391
2026-02-09,0.0219025,0.0223686,0.02200300102835378,0.0227863,0.02205130653007321,0.023243,0.022098365615534132,0.0252914,0.02227484589367814
2026-02-10,0.0218818,0.0223363,0.02198310603781563,0.0227258,0.022031798340814476,0.0231655,0.022079234167534233,0.0252324,0.022257126568536283
2026-02-11,0.0218908,0.0223115,0.021991756519171426,0.0226879,0.022040280871453734,0.0231159,0.022087553109466907,0.0251519,0.022264832282483854
2026-02-12,0.0218295,0.0222797,0.021932839871565427,0.0225874,0.021982509418659608,0.0229454,0.022030897074067572,0.0248125,0.02221235718214734
2026-02-13,0.0217122,0.0221981,0.02182010044973236,0.022493,0.02187196134434198,0.0228484,0.021922483368506388,0.0246638,0.02211194376877744
2026-02-17,0.0217863,0.0222409,0.021891320743094918,0.0224439,0.021941797920228254,0.0227294,0.021990972189949495,0.0244613,0.022175380632731938
2026-02-18,0.0217811,0.0222033,0.02188632350758401,0.0224297,0.02193689810102359,0.0227233,0.021986167246648786,0.0243879,0.022170931246864846
2026-02-20,0.0217102,0.0221762,0.02181818035850749,0.0224285,0.02187007960697591,0.0227546,0.02192063896075031,0.0243777,0.022110239038200606
2026-02-23,0.0218055,0.022262,0.02190977639834621,0.0225197,0.021959895877494407,0.0228399,0.02200872172307551,0.0243011,0.022191823916091966
2026-02-24,0.0218071,0.02223,0.02191131463604217,0.0225095,0.021961404429820128,0.0228622,0.0220102013563141,0.0243547,0.022193195100457322
2026-02-25,0.0218781,0.0222894,0.02197955491032662,0.0225555,0.022028318647888425,0.0228267,0.022075823988760863,0.0245469,0.02225397637648898
2026-02-26,0.0218715,0.0223112,0.021973211606348356,0.0225487,0.022022098683993612,0.0227937,0.022069724156760437,0.0242687,0.022248326826623803
2026-02-27,0.0218641,0.0222686,0.021966099421535667,0.0224462,0.02201512479164984,0.0226329,0.02206288495971481,0.023921,0.022241992498205715
2026-03-02,0.0219119,0.0224386,0.0220120413495458,0.0227361,0.02206017391294611,0.0230645,0.022107064484102414,0.0248217,0.022282912454372167
2026-03-03,0.0220363,0.0225948,0.022131605251621358,0.0230294,0.022177414070586446,0.0234736,0.022222041312015207,0.0250605,0.02238940554325284
2026-03-04,0.0219912,0.0226055,0.022088258021071325,0.0229905,0.022134909055537777,0.0234012,0.02218035662223249,0.0251457,0.02235079577342032
2026-03-05,0.0220206,0.0226965,0.02211651478795486,0.0231989,0.022162616504871988,0.0237373,0.022207529039373758,0.0257893,0.022375962739679817
2026-03-06,0.0220432,0.0227851,0.022138235809474913,0.0232814,0.02218391518508231,0.0238472,0.022228416363623292,0.0262909,0.022395308205361848
2026-03-09,0.0222083,0.0230586,0.02229691705629094,0.0236713,0.02233951223018386,0.0242978,0.02238100939810254,0.0262194,0.022536641222708292
2026-03-10,0.0221518,0.0227584,0.02224261243319856,0.0233578,0.02228626250662979,0.0240311,0.022328787161488957,0.0264323,0.022488270484797776
2026-03-11,0.0222424,0.0228701,0.02232968954334071,0.0235306,0.02237164688393235,0.0243165,0.02241252282486886,0.0271867,0.02256582629007066
2026-03-12,0.0222796,0.0230511,0.02236544228275749,0.0237603,0.022406704236310502,0.0246797,0.02244690288324173,0.0280931,0.022597667742834837
2026-03-13,0.0222688,0.0228791,0.022355060943474336,0.0236595,0.022396524086840144,0.0246183,0.022436918707861093,0.0278903,0.022588418282438655
2026-03-16,0.0223262,0.0227899,0.022410228419459784,0.0235403,0.022450618856429193,0.0244035,0.02248996867371754,0.0270284,0.022637552087487862
2026-03-17,0.0222915,0.0227325,0.022376876133492856,0.0234675,0.02241791417161537,0.0242849,0.022457894769006132,0.0266467,0.022607842708219875
2026-03-18,0.0222707,0.0228358,0.022356883677303308,0.0236134,0.02239830976098228,0.0245592,0.02243866832854746,0.0274208,0.02259003315193258
2026-03-19,0.0224147,0.0232272,0.02249528472821673,0.0242723,0.022534020535089478,0.0254234,0.022571758781198797,0.0282796,0.022713301839951454
2026-03-20,0.0226443,0.0238784,0.022715957566148883,0.0250719,0.02275040389971106,0.0265798,0.022783964211173294,0.0305047,0.022909847089753146
2026-03-23,0.0227156,0.0239663,0.022784483540457843,0.0250721,0.022817596998360393,0.0263332,0.022849859115165537,0.0294234,0.022970876166317482
2026-03-24,0.0229224,0.0241499,0.02298324177267151,0.025544,0.023012491208007205,0.0269385,0.023040989791783012,0.0298747,0.023147900093111844
2026-03-25,0.0229996,0.0239674,0.0230574375589256,0.0252059,0.02308524352940723,0.0264428,0.023112336214860266,0.0288826,0.023213977072592498
2026-03-26,0.0230722,0.0241674,0.023127212030508736,0.025501,0.02315366039718642,0.0268366,0.02317943081485304,0.0297779,0.0232761157212236
2026-03-27,0.0230537,0.0240918,0.023109427912411655,0.0254461,0.02313622032518252,0.0267979,0.023162325885724765,0.0295805,0.023260267402219537
2026-03-30,0.0231312,0.0238679,0.02318391201549473,0.0250543,0.02320925535005225,0.0262411,0.023233949545111446,0.0288823,0.023326601127563865
2026-03-31,0.0231394,0.0237814,0.023191790026035216,0.0248263,0.023216978707640862,0.0258674,0.023241522310864272,0.0282282,0.023333609790904007
2026-04-01,0.0229666,0.0236021,0.023025704568353903,0.0245948,0.023054119647922502,0.0256068,0.02308180580566065,0.0282948,0.023185673019599853
2026-04-02,0.0228742,0.0235658,0.02293689435852492,0.0246145,0.02296703437680328,0.025673,0.022996400655627507,0.0282538,0.023106565804607897
2026-04-06,0.0230028,0.0237332,0.023060493204780957,0.0247512,0.02308823020419669,0.0257845,0.023115255962247356,0.0283155,0.023216648237264915
2026-04-07,0.0230002,0.0239589,0.023057992073218937,0.0250718,0.023085776622175303,0.0261794,0.023112848721247095,0.0286813,0.023214414951090286
2026-04-09,0.022632,0.0235772,0.02270410381688404,0.0244445,0.0227387651994391,0.0253772,0.022772535369554082,0.0280212,0.022899208524449953
2026-04-10,0.0225155,0.023421,0.02259213218681025,0.0243317,0.02262896946254094,0.0252992,0.022664858962777087,0.027917,0.022799476166719068
2026-04-13,0.0225857,0.0235588,0.022659603037509347,0.0245206,0.022695128959255673,0.0255101,0.022729741200437904,0.0279808,0.022859570808848408
2026-04-14,0.0225903,0.0234763,0.022664023837361318,0.0243573,0.022699463660777658,0.0252793,0.02273399204677584,0.0276775,0.022863507379831595
2026-04-15,0.0226426,0.0235667,0.022714290293801818,0.0244272,0.022748753006871413,0.0253632,0.022782329690809545,0.0279552,0.022908277758212206
2026-04-16,0.0226561,0.023627,0.02272726492626461,0.0245093,0.022761475211076587,0.0254673,0.022794806036506993,0.0280784,0.02291983260452502
2026-04-17,0.0225079,0.0234582,0.02258482564697731,0.0242058,0.022621803969339428,0.0250318,0.022657830874172964,0.0274294,0.02279296334598467
2026-04-20,0.0226497,0.0234662,0.022721113165293003,0.0241537,0.022755442739969937,0.0249541,0.022788889760938274,0.0273704,0.022914351934338877
2026-04-21,0.0226982,0.0235694,0.0227677271962922,0.0243934,0.02280115057315638,0.0253742,0.022833714962860636,0.0281237,0.02295586878912121
2026-04-22,0.0227371,0.0235729,0.022805114270891342,0.0244118,0.02283781070048288,0.0252563,0.02286966705116327,0.028014,0.02298916698043659
2026-04-23,0.0227266,0.0236173,0.0227950216644029,0.0244698,0.02282791386216639,0.0253347,0.022859960901288046,0.0281744,0.0229801756878487
2026-04-24,0.0226942,0.0235704,0.022763880503335117,0.0244514,0.02279737758722657,0.0253433,0.022830013795209703,0.0278995,0.02295243707233345
2026-04-27,0.0228525,0.0237075,0.022916026009825608,0.0245612,0.022946565870564168,0.0254408,0.022976321746355527,0.0280792,0.02308794860632423
2026-04-28,0.0228756,0.0238059,0.022938226863779946,0.0246914,0.022968334707001728,0.0256204,0.02299766981135863,0.0284962,0.023107719603879667
2026-04-29,0.0229033,0.024443,0.022964848860882417,0.0256785,0.022994438746482503,0.0269454,0.023023269374022486,0.0299923,0.023131428345948023
